<?xml version="1.0" encoding="UTF-8"?>
<!DOCTYPE hibernate-configuration PUBLIC "-//Hibernate/Hibernate Configuration DTD 3.0//EN"
                                         "http://www.hibernate.org/dtd/hibernate-configuration-3.0.dtd">
<hibernate-configuration>
 <session-factory>
  <property name="hibernate.connection.driver_class">com.mysql.jdbc.Driver</property>
  <property name="hibernate.connection.password">Tejas@1234</property>
  <property name="hibernate.connection.url">jdbc:mysql://localhost:3306/boutique</property>
  <property name="hibernate.connection.username">root</property>
  <property name="hibernate.dialect">org.hibernate.dialect.MySQL8Dialect</property>
  <property name="hibernate.show_sql">false</property>
  <property name="hibernate.use_sql_comments">false</property>
  <property name="hibernate.format_sql">false</property>
  <property name="hibernate.hbm2ddl.auto">update</property>
  <property name="hibernate.connection.autocommit">true</property>
  <mapping class="com.boutique.Management.Product"/>
   <mapping class="com.boutique.Management.BillingRecord"/>
 </session-factory>
</hibernate-configuration>
